<?xml version = "1.0" encoding = "UTF-8" ?><rooms><room name="１０１号室" changable="True"><event name=""></event><event name=""></event><event name=""></event><event name=""></event><event name="A128046"><attendee name="三上博道" id="22"/><attendee name="唐沢光信" id="27"/><attendee name="丹野美琴" id="24"/><attendee name="香川晴久" id="25"/></event><event name="A122002"><attendee name="丹野美琴" id="24"/><attendee name="三上博道" id="22"/><attendee name="下田裕平" id="34"/></event><event name="A125068"><attendee name="新村範明" id="33"/><attendee name="蛭田雅夫" id="36"/><attendee name="中林文雄" id="90"/><attendee name="浅沼瑞姫" id="93"/></event><event name=""></event><event name="A125078"><attendee name="並木美玲" id="44"/><attendee name="藤田和秀" id="47"/><attendee name="井田千恵" id="48"/><attendee name="尾上晴子" id="49"/></event><event name=""></event><event name=""></event><event name=""></event><event name=""></event><event name="A124606"><attendee name="長田好夫" id="2"/><attendee name="難波咲良" id="42"/><attendee name="西野泰男" id="74"/></event><event name=""></event><event name=""></event><event name="A124660"><attendee name="河村咲来" id="30"/><attendee name="小関慶子" id="1"/><attendee name="長田好夫" id="2"/><attendee name="碓井勇蔵" id="112"/></event><event name="A125062"><attendee name="小関慶子" id="1"/><attendee name="矢田新治" id="32"/><attendee name="河村咲来" id="30"/></event><event name="A125020"><attendee name="小関慶子" id="1"/><attendee name="長田好夫" id="2"/><attendee name="河村咲来" id="30"/></event><event name="A124610"><attendee name="長田好夫" id="2"/><attendee name="矢田新治" id="32"/><attendee name="河村咲来" id="30"/><attendee name="池田結月" id="45"/></event><event name="A125056"><attendee name="藤田和秀" id="47"/><attendee name="小関慶子" id="1"/><attendee name="河村咲来" id="30"/></event><event name="A124682"><attendee name="長田好夫" id="2"/><attendee name="古谷信子" id="0"/><attendee name="小関慶子" id="1"/><attendee name="三浦昭彦" id="76"/></event><event name=""></event><event name="A124614"><attendee name="古谷信子" id="0"/><attendee name="小関慶子" id="1"/><attendee name="長田好夫" id="2"/><attendee name="池上御喜家" id="3"/></event><event name="A124630"><attendee name="古谷信子" id="0"/><attendee name="長田好夫" id="2"/><attendee name="河村咲来" id="30"/><attendee name="池上御喜家" id="3"/></event><event name=""></event><event name="A125058"><attendee name="矢田新治" id="32"/><attendee name="尾崎達也" id="62"/><attendee name="長谷和正" id="31"/><attendee name="八木芳夫" id="77"/></event><event name=""></event><event name="A125052"><attendee name="小関慶子" id="1"/><attendee name="長田好夫" id="2"/><attendee name="古谷信子" id="0"/></event><event name="A124638"><attendee name="長田好夫" id="2"/><attendee name="長谷和正" id="31"/><attendee name="河村咲来" id="30"/><attendee name="三浦昭彦" id="76"/></event><event name=""></event><event name=""></event><event name=""></event><event name=""></event><event name="A125026"><attendee name="柏木正春" id="6"/><attendee name="長谷和正" id="31"/><attendee name="古谷信子" id="0"/><attendee name="石崎研一" id="56"/></event><event name=""></event><event name="A124632"><attendee name="古谷信子" id="0"/><attendee name="日比野香" id="100"/><attendee name="長谷和正" id="31"/><attendee name="池上御喜家" id="3"/></event><event name="A124662"><attendee name="古谷信子" id="0"/><attendee name="小関慶子" id="1"/><attendee name="長谷和正" id="31"/><attendee name="池上御喜家" id="3"/></event><event name="A125060"><attendee name="小関慶子" id="1"/><attendee name="古谷信子" id="0"/><attendee name="長谷和正" id="31"/></event><event name="A125022"><attendee name="神保明彦" id="38"/><attendee name="長谷和正" id="31"/><attendee name="村岡松雄" id="4"/><attendee name="平林十三" id="39"/></event><event name="A122014"><attendee name="相原哲雄" id="50"/><attendee name="岩田保" id="51"/><attendee name="東野進" id="52"/></event><event name="A122040"><attendee name="相原哲雄" id="50"/><attendee name="東野進" id="52"/><attendee name="有馬昌子" id="53"/></event><event name=""></event><event name="A124634"><attendee name="長田好夫" id="2"/><attendee name="新村範明" id="33"/><attendee name="磯野椛" id="46"/></event><event name=""></event><event name="A124666"><attendee name="長田好夫" id="2"/><attendee name="宮地志乃" id="75"/><attendee name="磯野椛" id="46"/></event><event name=""></event><event name="A122056"><attendee name="相原哲雄" id="50"/><attendee name="岩田保" id="51"/><attendee name="東野進" id="52"/><attendee name="岡野愛子" id="55"/></event><event name="A124018"><attendee name="岩田保" id="51"/><attendee name="相原哲雄" id="50"/><attendee name="東野進" id="52"/><attendee name="金沢可憐" id="97"/></event><event name="A124670"><attendee name="古谷信子" id="0"/><attendee name="河村咲来" id="30"/><attendee name="市原陽香" id="21"/><attendee name="池上御喜家" id="3"/></event><event name=""></event><event name=""></event></room><room name="１０２号室" changable="True"><event name=""></event><event name=""></event><event name=""></event><event name=""></event><event name=""></event><event name=""></event><event name=""></event><event name=""></event><event name=""></event><event name=""></event><event name=""></event><event name=""></event><event name=""></event><event name=""></event><event name=""></event><event name=""></event><event name=""></event><event name=""></event><event name=""></event><event name=""></event><event name=""></event><event name=""></event><event name=""></event><event name=""></event><event name=""></event><event name=""></event><event name=""></event><event name=""></event><event name=""></event><event name=""></event><event name=""></event><event name=""></event><event name=""></event><event name=""></event><event name=""></event><event name=""></event><event name=""></event><event name=""></event><event name=""></event><event name=""></event><event name=""></event><event name=""></event><event name=""></event><event name=""></event><event name=""></event><event name="A125064"><attendee name="柏木正春" id="6"/><attendee name="長谷和正" id="31"/><attendee name="市原陽香" id="21"/><attendee name="秋田亨" id="57"/></event><event name="A125054"><attendee name="藤田和秀" id="47"/><attendee name="矢田新治" id="32"/><attendee name="磯野椛" id="46"/><attendee name="矢崎柚季" id="102"/></event><event name="A125076"><attendee name="藤田和秀" id="47"/><attendee name="長田好夫" id="2"/><attendee name="長谷和正" id="31"/><attendee name="矢崎柚季" id="102"/></event><event name="A124652"><attendee name="長田好夫" id="2"/><attendee name="石村忠男" id="5"/><attendee name="藤田和秀" id="47"/></event><event name="A125010"><attendee name="大宮野乃花" id="64"/><attendee name="長田好夫" id="2"/><attendee name="柏木正春" id="6"/><attendee name="中村元夫" id="65"/></event><event name="A125050"><attendee name="大宮野乃花" id="64"/><attendee name="藤田和秀" id="47"/><attendee name="長田好夫" id="2"/><attendee name="中村元夫" id="65"/></event><event name="A125018"><attendee name="大宮野乃花" id="64"/><attendee name="藤田和秀" id="47"/><attendee name="長谷和正" id="31"/><attendee name="中村元夫" id="65"/></event></room><room name="１０３号室" changable="True"><event name=""></event><event name=""></event><event name=""></event><event name=""></event><event name=""></event><event name=""></event><event name=""></event><event name=""></event><event name=""></event><event name=""></event><event name=""></event><event name="A128086"><attendee name="西野明仁" id="16"/><attendee name="小坂久男" id="15"/><attendee name="浦野博信" id="29"/></event><event name=""></event><event name=""></event><event name=""></event><event name="A124208"><attendee name="蛭田雅夫" id="36"/><attendee name="明石米吉" id="67"/><attendee name="長井聡" id="14"/><attendee name="大淵武秀" id="68"/></event><event name=""></event><event name=""></event><event name="A124032"><attendee name="正木優起" id="35"/><attendee name="菅野由紀江" id="79"/><attendee name="丹野美琴" id="24"/><attendee name="坂東昭次" id="105"/></event><event name="A124030"><attendee name="正木優起" id="35"/><attendee name="丹野美琴" id="24"/><attendee name="神崎滋" id="23"/><attendee name="坂東昭次" id="105"/></event><event name="A124620"><attendee name="蛭田雅夫" id="36"/><attendee name="明石米吉" id="67"/><attendee name="新村範明" id="33"/><attendee name="大淵武秀" id="68"/></event><event name="A124034"><attendee name="小坂久男" id="15"/><attendee name="西野明仁" id="16"/><attendee name="長井聡" id="14"/><attendee name="宍戸朋之" id="107"/></event><event name="A124006"><attendee name="正木優起" id="35"/><attendee name="小坂久男" id="15"/><attendee name="高谷富美子" id="17"/><attendee name="坂東昭次" id="105"/></event><event name="A124618"><attendee name="浦野博信" id="29"/><attendee name="新村範明" id="33"/><attendee name="蛭田雅夫" id="36"/></event><event name="A124012"><attendee name="長井聡" id="14"/><attendee name="小坂久男" id="15"/><attendee name="西野明仁" id="16"/></event><event name="A124042"><attendee name="小坂久男" id="15"/><attendee name="高谷富美子" id="17"/><attendee name="新村範明" id="33"/><attendee name="嶋田昌之" id="108"/></event><event name=""></event><event name=""></event><event name="A124038"><attendee name="松元政幸" id="13"/><attendee name="蛭田雅夫" id="36"/><attendee name="竹内香" id="95"/><attendee name="城戸一" id="94"/></event><event name=""></event><event name=""></event><event name="A124008"><attendee name="正木優起" id="35"/><attendee name="石村忠男" id="5"/><attendee name="三上博道" id="22"/><attendee name="坂東昭次" id="105"/></event><event name="A124058"><attendee name="正木優起" id="35"/><attendee name="高谷富美子" id="17"/><attendee name="三上博道" id="22"/><attendee name="坂東昭次" id="105"/></event><event name="A124024"><attendee name="松元政幸" id="13"/><attendee name="三上博道" id="22"/><attendee name="正木優起" id="35"/><attendee name="城戸一" id="94"/></event><event name="A124678"><attendee name="蛭田雅夫" id="36"/><attendee name="浦野博信" id="29"/><attendee name="長井聡" id="14"/><attendee name="大淵武秀" id="68"/></event><event name="A124010"><attendee name="松元政幸" id="13"/><attendee name="三上博道" id="22"/><attendee name="正木優起" id="35"/><attendee name="城戸一" id="94"/></event><event name="A124016"><attendee name="松元政幸" id="13"/><attendee name="菅野由紀江" id="79"/><attendee name="竹内香" id="95"/><attendee name="城戸一" id="94"/></event><event name=""></event><event name="A124002"><attendee name="正木優起" id="35"/><attendee name="蛭田雅夫" id="36"/><attendee name="松元政幸" id="13"/><attendee name="坂東昭次" id="105"/></event><event name="A122052"><attendee name="相原哲雄" id="50"/><attendee name="正木優起" id="35"/><attendee name="東野進" id="52"/><attendee name="都築清次郎" id="54"/></event><event name=""></event><event name="A124622"><attendee name="石村忠男" id="5"/><attendee name="蛭田雅夫" id="36"/><attendee name="正木優起" id="35"/><attendee name="阿部正記" id="96"/></event><event name=""></event><event name=""></event><event name=""></event><event name=""></event><event name=""></event><event name="A124604"><attendee name="蛭田雅夫" id="36"/><attendee name="石村忠男" id="5"/><attendee name="正木優起" id="35"/><attendee name="大淵武秀" id="68"/></event><event name="A124022"><attendee name="小坂久男" id="15"/><attendee name="蛭田雅夫" id="36"/><attendee name="長井聡" id="14"/><attendee name="宍戸朋之" id="107"/></event><event name="A124626"><attendee name="石村忠男" id="5"/><attendee name="新村範明" id="33"/><attendee name="三上博道" id="22"/><attendee name="阿部正記" id="96"/></event><event name="A124236"><attendee name="池田義孝" id="9"/><attendee name="新村範明" id="33"/><attendee name="石村忠男" id="5"/><attendee name="甲斐周二" id="109"/></event><event name="A124602"><attendee name="蛭田雅夫" id="36"/><attendee name="石村忠男" id="5"/><attendee name="新村範明" id="33"/><attendee name="大淵武秀" id="68"/></event></room><room name="１０４号室" changable="True"><event name="A124268"><attendee name="大倉圭一" id="69"/><attendee name="中岡小梅" id="40"/><attendee name="赤木竹志" id="43"/></event><event name="A124206"><attendee name="赤木竹志" id="43"/><attendee name="中岡小梅" id="40"/><attendee name="宮地志乃" id="75"/></event><event name=""></event><event name=""></event><event name=""></event><event name=""></event><event name=""></event><event name=""></event><event name=""></event><event name=""></event><event name=""></event><event name=""></event><event name=""></event><event name=""></event><event name="A128018"><attendee name="三上博道" id="22"/><attendee name="神崎滋" id="23"/><attendee name="丹野美琴" id="24"/><attendee name="香川晴久" id="25"/><attendee name="塩崎汎平" id="26"/></event><event name="A128008"><attendee name="三上博道" id="22"/><attendee name="神崎滋" id="23"/><attendee name="丹野美琴" id="24"/><attendee name="香川晴久" id="25"/></event><event name=""></event><event name=""></event><event name="A124256"><attendee name="中岡小梅" id="40"/><attendee name="赤木竹志" id="43"/><attendee name="難波咲良" id="42"/></event><event name="A124258"><attendee name="中岡小梅" id="40"/><attendee name="赤木竹志" id="43"/><attendee name="難波咲良" id="42"/></event><event name=""></event><event name=""></event><event name=""></event><event name=""></event><event name=""></event><event name=""></event><event name=""></event><event name=""></event><event name=""></event><event name=""></event><event name=""></event><event name=""></event><event name=""></event><event name=""></event><event name=""></event><event name=""></event><event name=""></event><event name=""></event><event name=""></event><event name="A124252"><attendee name="赤木竹志" id="43"/><attendee name="宮地志乃" id="75"/><attendee name="難波咲良" id="42"/></event><event name="A124266"><attendee name="赤木竹志" id="43"/><attendee name="石黒真吉" id="8"/><attendee name="宮地志乃" id="75"/></event><event name="A124246"><attendee name="赤木竹志" id="43"/><attendee name="石黒真吉" id="8"/><attendee name="難波咲良" id="42"/></event><event name=""></event><event name=""></event><event name="A124244"><attendee name="赤木竹志" id="43"/><attendee name="池田義孝" id="9"/><attendee name="浅田忠志" id="41"/></event><event name="A124224"><attendee name="赤木竹志" id="43"/><attendee name="池田義孝" id="9"/><attendee name="難波咲良" id="42"/></event><event name="A124218"><attendee name="赤木竹志" id="43"/><attendee name="浅田忠志" id="41"/><attendee name="宮地志乃" id="75"/></event><event name="A1218402"><attendee name="赤木竹志" id="43"/><attendee name="中岡小梅" id="40"/><attendee name="難波咲良" id="42"/></event><event name="A124228"><attendee name="中岡小梅" id="40"/><attendee name="浅田忠志" id="41"/><attendee name="難波咲良" id="42"/></event><event name="A124230"><attendee name="中岡小梅" id="40"/><attendee name="浅田忠志" id="41"/><attendee name="難波咲良" id="42"/></event><event name=""></event><event name="A124222"><attendee name="赤木竹志" id="43"/><attendee name="浅田忠志" id="41"/><attendee name="池田義孝" id="9"/></event></room><room name="２０１号室" changable="True"><event name=""></event><event name=""></event><event name=""></event><event name="A124640"><attendee name="日比野香" id="100"/><attendee name="市原陽香" id="21"/><attendee name="磯野椛" id="46"/><attendee name="戸塚英雄" id="101"/></event><event name="A124654"><attendee name="日比野香" id="100"/><attendee name="市原陽香" id="21"/><attendee name="明石米吉" id="67"/><attendee name="戸塚英雄" id="101"/></event><event name="A124656"><attendee name="日比野香" id="100"/><attendee name="市原陽香" id="21"/><attendee name="磯野椛" id="46"/><attendee name="戸塚英雄" id="101"/></event><event name="A124650"><attendee name="日比野香" id="100"/><attendee name="市原陽香" id="21"/><attendee name="長田好夫" id="2"/><attendee name="戸塚英雄" id="101"/></event><event name="A124686"><attendee name="日比野香" id="100"/><attendee name="市原陽香" id="21"/><attendee name="明石米吉" id="67"/><attendee name="戸塚英雄" id="101"/></event><event name="A124674"><attendee name="日比野香" id="100"/><attendee name="市原陽香" id="21"/><attendee name="明石米吉" id="67"/><attendee name="戸塚英雄" id="101"/></event><event name="A124658"><attendee name="日比野香" id="100"/><attendee name="市原陽香" id="21"/><attendee name="長田好夫" id="2"/><attendee name="戸塚英雄" id="101"/></event><event name="A124202"><attendee name="横川政利" id="19"/><attendee name="宮原巌" id="20"/><attendee name="市原陽香" id="21"/></event><event name="A124680"><attendee name="市原陽香" id="21"/><attendee name="日比野香" id="100"/><attendee name="明石米吉" id="67"/></event><event name="A124684"><attendee name="市原陽香" id="21"/><attendee name="日比野香" id="100"/><attendee name="明石米吉" id="67"/></event><event name=""></event><event name=""></event><event name=""></event><event name=""></event><event name=""></event><event name=""></event><event name=""></event><event name=""></event><event name=""></event><event name=""></event><event name=""></event><event name="A122004"><attendee name="中林文雄" id="90"/><attendee name="三上博道" id="22"/><attendee name="新村範明" id="33"/><attendee name="井口照男" id="91"/></event><event name="A122022"><attendee name="中林文雄" id="90"/><attendee name="三上博道" id="22"/><attendee name="石村忠男" id="5"/><attendee name="井口照男" id="91"/></event><event name=""></event><event name=""></event><event name=""></event><event name=""></event><event name=""></event><event name=""></event><event name=""></event><event name=""></event><event name=""></event><event name=""></event><event name=""></event><event name=""></event><event name=""></event><event name=""></event><event name=""></event><event name=""></event><event name=""></event><event name=""></event><event name=""></event><event name=""></event><event name=""></event><event name=""></event><event name=""></event><event name=""></event><event name=""></event><event name=""></event></room><room name="２０２号室" changable="True"><event name="A122008"><attendee name="中林文雄" id="90"/><attendee name="丹野美琴" id="24"/><attendee name="石村忠男" id="5"/><attendee name="井口照男" id="91"/></event><event name="A122034"><attendee name="中林文雄" id="90"/><attendee name="松元政幸" id="13"/><attendee name="丹野美琴" id="24"/><attendee name="井口照男" id="91"/></event><event name=""></event><event name="A124106"><attendee name="松元政幸" id="13"/><attendee name="久保田豊作" id="18"/><attendee name="丹野美琴" id="24"/><attendee name="都築清次郎" id="54"/></event><event name="A124668"><attendee name="石村忠男" id="5"/><attendee name="新村範明" id="33"/><attendee name="久保田豊作" id="18"/><attendee name="阿部正記" id="96"/></event><event name="A124054"><attendee name="菅野由紀江" id="79"/><attendee name="松元政幸" id="13"/><attendee name="唐沢光信" id="27"/><attendee name="島崎蓮" id="80"/><attendee name="石川祐二" id="81"/></event><event name="A122054"><attendee name="久保田豊作" id="18"/><attendee name="三上博道" id="22"/><attendee name="石村忠男" id="5"/><attendee name="西沢憲司" id="89"/></event><event name="A128020"><attendee name="三上博道" id="22"/><attendee name="久保田豊作" id="18"/><attendee name="西野明仁" id="16"/><attendee name="香川晴久" id="25"/></event><event name="A128034"><attendee name="三上博道" id="22"/><attendee name="久保田豊作" id="18"/><attendee name="西野明仁" id="16"/><attendee name="香川晴久" id="25"/></event><event name="A124646"><attendee name="石村忠男" id="5"/><attendee name="蛭田雅夫" id="36"/><attendee name="松元政幸" id="13"/><attendee name="阿部正記" id="96"/></event><event name="A124108"><attendee name="松元政幸" id="13"/><attendee name="石村忠男" id="5"/><attendee name="正木優起" id="35"/><attendee name="都築清次郎" id="54"/></event><event name="A124102"><attendee name="正木優起" id="35"/><attendee name="松元政幸" id="13"/><attendee name="石村忠男" id="5"/><attendee name="坂東昭次" id="105"/></event><event name="A128058"><attendee name="久保田豊作" id="18"/><attendee name="丹野美琴" id="24"/><attendee name="石村忠男" id="5"/><attendee name="小久保英彦" id="87"/></event><event name="A122064"><attendee name="丹野美琴" id="24"/><attendee name="松元政幸" id="13"/><attendee name="新村範明" id="33"/></event><event name="A124036"><attendee name="松元政幸" id="13"/><attendee name="菅野由紀江" id="79"/><attendee name="蛭田雅夫" id="36"/><attendee name="都築清次郎" id="54"/></event><event name="A125088"><attendee name="矢田新治" id="32"/><attendee name="並木美玲" id="44"/><attendee name="磯野椛" id="46"/><attendee name="加賀日出男" id="78"/></event><event name="A124080"><attendee name="松元政幸" id="13"/><attendee name="村松貫一" id="37"/><attendee name="丹野美琴" id="24"/><attendee name="都築清次郎" id="54"/></event><event name="A124076"><attendee name="松元政幸" id="13"/><attendee name="菅野由紀江" id="79"/><attendee name="正木優起" id="35"/><attendee name="都築清次郎" id="54"/></event><event name="A128048"><attendee name="宮原巌" id="20"/><attendee name="村松貫一" id="37"/><attendee name="松元政幸" id="13"/><attendee name="狩野利夫" id="113"/></event><event name="A122030"><attendee name="丹野美琴" id="24"/><attendee name="松元政幸" id="13"/><attendee name="新村範明" id="33"/></event><event name="A124226"><attendee name="石黒真吉" id="8"/><attendee name="森岡彰" id="12"/><attendee name="松元政幸" id="13"/><attendee name="川野由美" id="11"/></event><event name="A122018"><attendee name="中林文雄" id="90"/><attendee name="松元政幸" id="13"/><attendee name="神崎滋" id="23"/><attendee name="井口照男" id="91"/></event><event name="A125012"><attendee name="並木美玲" id="44"/><attendee name="西野明仁" id="16"/><attendee name="柏木正春" id="6"/></event><event name=""></event><event name="A125046"><attendee name="池田結月" id="45"/><attendee name="磯野椛" id="46"/><attendee name="並木美玲" id="44"/></event><event name="A125086"><attendee name="並木美玲" id="44"/><attendee name="池田結月" id="45"/><attendee name="磯野椛" id="46"/></event><event name="A125072"><attendee name="藤田和秀" id="47"/><attendee name="池田結月" id="45"/><attendee name="並木美玲" id="44"/></event><event name="A125070"><attendee name="池田結月" id="45"/><attendee name="藤田和秀" id="47"/><attendee name="磯野椛" id="46"/></event><event name=""></event><event name="A125002"><attendee name="池田結月" id="45"/><attendee name="大宮野乃花" id="64"/><attendee name="村田義孝" id="70"/></event><event name=""></event><event name="A125048"><attendee name="池田結月" id="45"/><attendee name="新村正次" id="66"/><attendee name="並木美玲" id="44"/></event><event name=""></event><event name="A125044"><attendee name="池田結月" id="45"/><attendee name="藤田和秀" id="47"/><attendee name="新村正次" id="66"/></event><event name="A125090"><attendee name="新村正次" id="66"/><attendee name="浅田忠志" id="41"/><attendee name="池田結月" id="45"/><attendee name="小室峻輝" id="72"/></event><event name="A125006"><attendee name="池田結月" id="45"/><attendee name="新村正次" id="66"/><attendee name="並木美玲" id="44"/></event><event name=""></event><event name="A125038"><attendee name="新村正次" id="66"/><attendee name="浅田忠志" id="41"/><attendee name="神野洋一" id="73"/><attendee name="小室峻輝" id="72"/></event><event name="A125004"><attendee name="新村正次" id="66"/><attendee name="浅田忠志" id="41"/><attendee name="並木美玲" id="44"/><attendee name="木村隆之" id="71"/><attendee name="小室峻輝" id="72"/></event><event name=""></event><event name=""></event><event name=""></event><event name="A125024"><attendee name="新村正次" id="66"/><attendee name="浅田忠志" id="41"/><attendee name="長谷和正" id="31"/><attendee name="小室峻輝" id="72"/></event><event name="A125034"><attendee name="新村正次" id="66"/><attendee name="浅田忠志" id="41"/><attendee name="矢田新治" id="32"/><attendee name="小室峻輝" id="72"/></event><event name="A125014"><attendee name="大宮野乃花" id="64"/><attendee name="池田結月" id="45"/><attendee name="新村正次" id="66"/><attendee name="中村元夫" id="65"/></event><event name="A125084"><attendee name="池田結月" id="45"/><attendee name="新村範明" id="33"/><attendee name="村田義孝" id="70"/></event><event name=""></event><event name=""></event><event name=""></event><event name=""></event><event name=""></event><event name="A125028"><attendee name="村田義孝" id="70"/><attendee name="池田結月" id="45"/><attendee name="葛西亀吉" id="110"/><attendee name="川井正司" id="111"/></event></room><room name="２０３号室" changable="True"><event name=""></event><event name=""></event><event name=""></event><event name=""></event><event name=""></event><event name=""></event><event name="A124238"><attendee name="古賀成康" id="59"/><attendee name="田村光昭" id="60"/><attendee name="横川政利" id="19"/><attendee name="赤松信男" id="61"/></event><event name="A124240"><attendee name="古賀成康" id="59"/><attendee name="田村光昭" id="60"/><attendee name="横川政利" id="19"/><attendee name="赤松信男" id="61"/></event><event name="A125040"><attendee name="小平晋" id="28"/><attendee name="古賀成康" id="59"/><attendee name="田村光昭" id="60"/><attendee name="塩田博久" id="83"/></event><event name="A128036"><attendee name="西野明仁" id="16"/><attendee name="丹野美琴" id="24"/><attendee name="柏木正春" id="6"/><attendee name="小平晋" id="28"/></event><event name=""></event><event name=""></event><event name="A125080"><attendee name="小平晋" id="28"/><attendee name="大倉圭一" id="69"/><attendee name="田村光昭" id="60"/><attendee name="藤岡末男" id="86"/></event><event name="A125036"><attendee name="田村光昭" id="60"/><attendee name="井田千恵" id="48"/><attendee name="並木美玲" id="44"/><attendee name="宮城秀光" id="103"/><attendee name="木戸由紀子" id="104"/></event><event name="A125008"><attendee name="小平晋" id="28"/><attendee name="尾崎達也" id="62"/><attendee name="田村光昭" id="60"/><attendee name="野崎貞治" id="82"/></event><event name="A125016"><attendee name="尾崎達也" id="62"/><attendee name="田村光昭" id="60"/><attendee name="関口幸真" id="63"/></event><event name=""></event><event name=""></event><event name="A125074"><attendee name="小平晋" id="28"/><attendee name="長浜政行" id="84"/><attendee name="尾崎達也" id="62"/><attendee name="宮田南斗" id="85"/></event><event name=""></event><event name=""></event><event name=""></event><event name="A128092"><attendee name="三上博道" id="22"/><attendee name="竹下京子" id="10"/><attendee name="神崎滋" id="23"/><attendee name="香川晴久" id="25"/></event><event name="A128010"><attendee name="三上博道" id="22"/><attendee name="竹下京子" id="10"/><attendee name="神崎滋" id="23"/><attendee name="香川晴久" id="25"/></event><event name=""></event><event name="A1218408"><attendee name="小平晋" id="28"/><attendee name="長浜政行" id="84"/><attendee name="尾崎達也" id="62"/><attendee name="野崎貞治" id="82"/></event><event name="A124242"><attendee name="池田義孝" id="9"/><attendee name="石村忠男" id="5"/><attendee name="井田千恵" id="48"/><attendee name="甲斐周二" id="109"/></event><event name="A124104"><attendee name="小坂久男" id="15"/><attendee name="丹野美琴" id="24"/><attendee name="池田義孝" id="9"/><attendee name="嶋田昌之" id="108"/></event><event name="A125042"><attendee name="森岡彰" id="12"/><attendee name="池田義孝" id="9"/><attendee name="児島久道" id="58"/></event><event name=""></event><event name="A124234"><attendee name="石黒真吉" id="8"/><attendee name="池田義孝" id="9"/><attendee name="松元政幸" id="13"/><attendee name="川野由美" id="11"/></event><event name="A124210"><attendee name="石黒真吉" id="8"/><attendee name="池田義孝" id="9"/><attendee name="竹下京子" id="10"/><attendee name="川野由美" id="11"/></event><event name="A124214"><attendee name="石黒真吉" id="8"/><attendee name="池田義孝" id="9"/><attendee name="森岡彰" id="12"/><attendee name="川野由美" id="11"/></event><event name="A124264"><attendee name="池田義孝" id="9"/><attendee name="石黒真吉" id="8"/><attendee name="高谷富美子" id="17"/><attendee name="甲斐周二" id="109"/></event><event name="A124084"><attendee name="高谷富美子" id="17"/><attendee name="相馬誠二" id="106"/><attendee name="池田義孝" id="9"/></event><event name="A124026"><attendee name="長井聡" id="14"/><attendee name="小坂久男" id="15"/><attendee name="高谷富美子" id="17"/></event><event name="A124068"><attendee name="高谷富美子" id="17"/><attendee name="小坂久男" id="15"/><attendee name="長井聡" id="14"/></event><event name="A124062"><attendee name="高谷富美子" id="17"/><attendee name="小坂久男" id="15"/><attendee name="長井聡" id="14"/></event><event name="A124020"><attendee name="高谷富美子" id="17"/><attendee name="小坂久男" id="15"/><attendee name="長井聡" id="14"/></event><event name="A125032"><attendee name="新村範明" id="33"/><attendee name="池田義孝" id="9"/><attendee name="石村忠男" id="5"/><attendee name="浅沼瑞姫" id="93"/></event><event name=""></event><event name="A124094"><attendee name="長井聡" id="14"/><attendee name="小坂久男" id="15"/><attendee name="竹下京子" id="10"/></event><event name="A124004"><attendee name="長井聡" id="14"/><attendee name="小坂久男" id="15"/><attendee name="竹下京子" id="10"/></event><event name="A124262"><attendee name="石黒真吉" id="8"/><attendee name="池田義孝" id="9"/><attendee name="竹下京子" id="10"/><attendee name="川野由美" id="11"/></event><event name="A124056"><attendee name="小坂久男" id="15"/><attendee name="竹下京子" id="10"/><attendee name="相馬誠二" id="106"/><attendee name="宍戸朋之" id="107"/></event><event name="A128006"><attendee name="竹下京子" id="10"/><attendee name="神崎滋" id="23"/><attendee name="三上博道" id="22"/><attendee name="今兼吉" id="98"/></event><event name="A128088"><attendee name="竹下京子" id="10"/><attendee name="神崎滋" id="23"/><attendee name="竹下照男" id="99"/><attendee name="今兼吉" id="98"/></event><event name=""></event><event name=""></event><event name=""></event><event name=""></event><event name=""></event></room><room name="２０４号室" changable="True"><event name=""></event><event name=""></event><event name=""></event><event name=""></event><event name=""></event><event name=""></event><event name=""></event><event name="A122038"><attendee name="丹野美琴" id="24"/><attendee name="村岡松雄" id="4"/><attendee name="正木優起" id="35"/></event><event name=""></event><event name="A128050"><attendee name="唐沢光信" id="27"/><attendee name="三上博道" id="22"/><attendee name="明石米吉" id="67"/><attendee name="津田直樹" id="92"/></event><event name="A128044"><attendee name="三上博道" id="22"/><attendee name="唐沢光信" id="27"/><attendee name="丹野美琴" id="24"/><attendee name="香川晴久" id="25"/></event><event name=""></event><event name="A124616"><attendee name="浦野博信" id="29"/><attendee name="村岡松雄" id="4"/><attendee name="西野明仁" id="16"/></event><event name=""></event><event name="A124612"><attendee name="市原陽香" id="21"/><attendee name="唐沢光信" id="27"/><attendee name="日比野香" id="100"/></event><event name=""></event><event name=""></event><event name=""></event><event name=""></event><event name="A122006"><attendee name="久保田豊作" id="18"/><attendee name="宮原巌" id="20"/><attendee name="明石米吉" id="67"/><attendee name="西沢憲司" id="89"/></event><event name="A124636"><attendee name="浦野博信" id="29"/><attendee name="柏木正春" id="6"/><attendee name="丹野美琴" id="24"/></event><event name="A124248"><attendee name="大倉圭一" id="69"/><attendee name="村岡松雄" id="4"/><attendee name="丹野美琴" id="24"/></event><event name="A124664"><attendee name="浦野博信" id="29"/><attendee name="村岡松雄" id="4"/><attendee name="村松貫一" id="37"/></event><event name="A124648"><attendee name="村岡松雄" id="4"/><attendee name="石村忠男" id="5"/><attendee name="柏木正春" id="6"/><attendee name="真野孝幸" id="7"/></event><event name=""></event><event name="A125066"><attendee name="柏木正春" id="6"/><attendee name="村岡松雄" id="4"/><attendee name="西野明仁" id="16"/><attendee name="秋田亨" id="57"/></event><event name="A128012"><attendee name="久保田豊作" id="18"/><attendee name="菅野由紀江" id="79"/><attendee name="丹野美琴" id="24"/><attendee name="小久保英彦" id="87"/></event><event name="A128002"><attendee name="久保田豊作" id="18"/><attendee name="唐沢光信" id="27"/><attendee name="有馬昌子" id="53"/><attendee name="小久保英彦" id="87"/><attendee name="川辺利明" id="88"/></event><event name="A128004"><attendee name="唐沢光信" id="27"/><attendee name="久保田豊作" id="18"/><attendee name="明石米吉" id="67"/><attendee name="津田直樹" id="92"/></event><event name="A124072"><attendee name="長井聡" id="14"/><attendee name="小坂久男" id="15"/><attendee name="久保田豊作" id="18"/></event><event name=""></event><event name="A128026"><attendee name="久保田豊作" id="18"/><attendee name="松元政幸" id="13"/><attendee name="長井聡" id="14"/><attendee name="小久保英彦" id="87"/></event><event name="A124044"><attendee name="菅野由紀江" id="79"/><attendee name="松元政幸" id="13"/><attendee name="久保田豊作" id="18"/><attendee name="島崎蓮" id="80"/><attendee name="石川祐二" id="81"/></event><event name="A128022"><attendee name="久保田豊作" id="18"/><attendee name="唐沢光信" id="27"/><attendee name="菅野由紀江" id="79"/><attendee name="小久保英彦" id="87"/><attendee name="川辺利明" id="88"/></event><event name="A124014"><attendee name="菅野由紀江" id="79"/><attendee name="久保田豊作" id="18"/><attendee name="松元政幸" id="13"/><attendee name="島崎蓮" id="80"/><attendee name="石川祐二" id="81"/></event><event name="A128056"><attendee name="唐沢光信" id="27"/><attendee name="久保田豊作" id="18"/><attendee name="明石米吉" id="67"/><attendee name="津田直樹" id="92"/></event><event name="A128032"><attendee name="久保田豊作" id="18"/><attendee name="有馬昌子" id="53"/><attendee name="浦野博信" id="29"/><attendee name="小久保英彦" id="87"/></event><event name="A128072"><attendee name="久保田豊作" id="18"/><attendee name="三上博道" id="22"/><attendee name="松元政幸" id="13"/><attendee name="小久保英彦" id="87"/></event><event name="A128014"><attendee name="久保田豊作" id="18"/><attendee name="三上博道" id="22"/><attendee name="浦野博信" id="29"/><attendee name="小久保英彦" id="87"/></event><event name=""></event><event name=""></event><event name=""></event><event name=""></event><event name="A128070"><attendee name="唐沢光信" id="27"/><attendee name="三上博道" id="22"/><attendee name="明石米吉" id="67"/><attendee name="津田直樹" id="92"/></event><event name="A128042"><attendee name="唐沢光信" id="27"/><attendee name="菅野由紀江" id="79"/><attendee name="明石米吉" id="67"/><attendee name="津田直樹" id="92"/></event><event name=""></event><event name=""></event><event name=""></event><event name=""></event><event name=""></event><event name=""></event><event name=""></event></room><room name="不都合日程" changable="False"><event name="不都合0"><attendee name="尾崎達也" id="62"/><attendee name="木村隆之" id="71"/><attendee name="西野泰男" id="74"/><attendee name="宮城秀光" id="103"/><attendee name="河村咲来" id="30"/><attendee name="池上御喜家" id="3"/><attendee name="池田義孝" id="9"/><attendee name="田村光昭" id="60"/><attendee name="赤松信男" id="61"/><attendee name="香川晴久" id="25"/><attendee name="大城大介" id="114"/><attendee name="長井聡" id="14"/><attendee name="狩野利夫" id="113"/><attendee name="三上博道" id="22"/><attendee name="有馬昌子" id="53"/><attendee name="島崎蓮" id="80"/><attendee name="藤田和秀" id="47"/><attendee name="久保田豊作" id="18"/><attendee name="宮原巌" id="20"/><attendee name="森岡彰" id="12"/><attendee name="池田結月" id="45"/><attendee name="芦田正紀" id="115"/><attendee name="柏木正春" id="6"/><attendee name="甲斐周二" id="109"/><attendee name="城戸一" id="94"/><attendee name="神崎滋" id="23"/><attendee name="川辺利明" id="88"/><attendee name="村田義孝" id="70"/><attendee name="東野進" id="52"/><attendee name="長谷和正" id="31"/><attendee name="正木優起" id="35"/><attendee name="下田裕平" id="34"/></event><event name="不都合1"><attendee name="明石米吉" id="67"/><attendee name="尾崎達也" id="62"/><attendee name="木村隆之" id="71"/><attendee name="西野泰男" id="74"/><attendee name="宮城秀光" id="103"/><attendee name="河村咲来" id="30"/><attendee name="池上御喜家" id="3"/><attendee name="池田義孝" id="9"/><attendee name="田村光昭" id="60"/><attendee name="赤松信男" id="61"/><attendee name="香川晴久" id="25"/><attendee name="大城大介" id="114"/><attendee name="長井聡" id="14"/><attendee name="狩野利夫" id="113"/><attendee name="三上博道" id="22"/><attendee name="有馬昌子" id="53"/><attendee name="島崎蓮" id="80"/><attendee name="藤田和秀" id="47"/><attendee name="久保田豊作" id="18"/><attendee name="宮原巌" id="20"/><attendee name="森岡彰" id="12"/><attendee name="池田結月" id="45"/><attendee name="芦田正紀" id="115"/><attendee name="柏木正春" id="6"/><attendee name="甲斐周二" id="109"/><attendee name="城戸一" id="94"/><attendee name="石村忠男" id="5"/><attendee name="神崎滋" id="23"/><attendee name="川辺利明" id="88"/><attendee name="村田義孝" id="70"/><attendee name="碓井勇蔵" id="112"/><attendee name="東野進" id="52"/><attendee name="長谷和正" id="31"/><attendee name="新村範明" id="33"/><attendee name="正木優起" id="35"/><attendee name="下田裕平" id="34"/></event><event name="不都合2"><attendee name="明石米吉" id="67"/><attendee name="尾崎達也" id="62"/><attendee name="木村隆之" id="71"/><attendee name="西野泰男" id="74"/><attendee name="宮城秀光" id="103"/><attendee name="河村咲来" id="30"/><attendee name="池田義孝" id="9"/><attendee name="大城大介" id="114"/><attendee name="長井聡" id="14"/><attendee name="川西涼" id="116"/><attendee name="三上博道" id="22"/><attendee name="有馬昌子" id="53"/><attendee name="島崎蓮" id="80"/><attendee name="久保田豊作" id="18"/><attendee name="宮原巌" id="20"/><attendee name="池田結月" id="45"/><attendee name="芦田正紀" id="115"/><attendee name="柏木正春" id="6"/><attendee name="甲斐周二" id="109"/><attendee name="城戸一" id="94"/><attendee name="石村忠男" id="5"/><attendee name="神崎滋" id="23"/><attendee name="川辺利明" id="88"/><attendee name="村田義孝" id="70"/><attendee name="碓井勇蔵" id="112"/><attendee name="東野進" id="52"/><attendee name="長谷和正" id="31"/><attendee name="新村範明" id="33"/><attendee name="下田裕平" id="34"/></event><event name="不都合3"><attendee name="明石米吉" id="67"/><attendee name="尾崎達也" id="62"/><attendee name="木村隆之" id="71"/><attendee name="西野泰男" id="74"/><attendee name="宮城秀光" id="103"/><attendee name="河村咲来" id="30"/><attendee name="池田義孝" id="9"/><attendee name="大城大介" id="114"/><attendee name="長井聡" id="14"/><attendee name="川西涼" id="116"/><attendee name="村松貫一" id="37"/><attendee name="有馬昌子" id="53"/><attendee name="島崎蓮" id="80"/><attendee name="久保田豊作" id="18"/><attendee name="宮原巌" id="20"/><attendee name="芦田正紀" id="115"/><attendee name="柏木正春" id="6"/><attendee name="甲斐周二" id="109"/><attendee name="城戸一" id="94"/><attendee name="石村忠男" id="5"/><attendee name="神崎滋" id="23"/><attendee name="川辺利明" id="88"/><attendee name="村田義孝" id="70"/><attendee name="碓井勇蔵" id="112"/><attendee name="東野進" id="52"/><attendee name="長谷和正" id="31"/><attendee name="新村範明" id="33"/><attendee name="下田裕平" id="34"/></event><event name="不都合4"><attendee name="尾崎達也" id="62"/><attendee name="木村隆之" id="71"/><attendee name="西野泰男" id="74"/><attendee name="宮城秀光" id="103"/><attendee name="河村咲来" id="30"/><attendee name="矢崎柚季" id="102"/><attendee name="池田義孝" id="9"/><attendee name="大城大介" id="114"/><attendee name="長井聡" id="14"/><attendee name="川西涼" id="116"/><attendee name="村松貫一" id="37"/><attendee name="有馬昌子" id="53"/><attendee name="高谷富美子" id="17"/><attendee name="久保田豊作" id="18"/><attendee name="芦田正紀" id="115"/><attendee name="柏木正春" id="6"/><attendee name="山本真司" id="117"/><attendee name="甲斐周二" id="109"/><attendee name="城戸一" id="94"/><attendee name="神崎滋" id="23"/><attendee name="村田義孝" id="70"/><attendee name="関口幸真" id="63"/><attendee name="東野進" id="52"/><attendee name="長谷和正" id="31"/></event><event name="不都合5"><attendee name="尾崎達也" id="62"/><attendee name="木村隆之" id="71"/><attendee name="西野泰男" id="74"/><attendee name="宮城秀光" id="103"/><attendee name="河村咲来" id="30"/><attendee name="矢崎柚季" id="102"/><attendee name="池田義孝" id="9"/><attendee name="大宮野乃花" id="64"/><attendee name="大城大介" id="114"/><attendee name="長井聡" id="14"/><attendee name="村松貫一" id="37"/><attendee name="有馬昌子" id="53"/><attendee name="高谷富美子" id="17"/><attendee name="久保田豊作" id="18"/><attendee name="芦田正紀" id="115"/><attendee name="柏木正春" id="6"/><attendee name="山本真司" id="117"/><attendee name="甲斐周二" id="109"/><attendee name="城戸一" id="94"/><attendee name="神崎滋" id="23"/><attendee name="村田義孝" id="70"/><attendee name="関口幸真" id="63"/><attendee name="東野進" id="52"/><attendee name="長谷和正" id="31"/></event><event name="不都合6"><attendee name="尾崎達也" id="62"/><attendee name="木村隆之" id="71"/><attendee name="西野泰男" id="74"/><attendee name="宮城秀光" id="103"/><attendee name="河村咲来" id="30"/><attendee name="矢崎柚季" id="102"/><attendee name="池田義孝" id="9"/><attendee name="大宮野乃花" id="64"/><attendee name="大城大介" id="114"/><attendee name="長井聡" id="14"/><attendee name="狩野利夫" id="113"/><attendee name="村松貫一" id="37"/><attendee name="有馬昌子" id="53"/><attendee name="高谷富美子" id="17"/><attendee name="久保田豊作" id="18"/><attendee name="志賀伸也" id="118"/><attendee name="芦田正紀" id="115"/><attendee name="柏木正春" id="6"/><attendee name="松元政幸" id="13"/><attendee name="山本真司" id="117"/><attendee name="甲斐周二" id="109"/><attendee name="城戸一" id="94"/><attendee name="神崎滋" id="23"/><attendee name="村田義孝" id="70"/><attendee name="関口幸真" id="63"/><attendee name="東野進" id="52"/><attendee name="長谷和正" id="31"/><attendee name="宍戸朋之" id="107"/><attendee name="下田裕平" id="34"/></event><event name="不都合7"><attendee name="尾崎達也" id="62"/><attendee name="木村隆之" id="71"/><attendee name="西野泰男" id="74"/><attendee name="宮城秀光" id="103"/><attendee name="河村咲来" id="30"/><attendee name="池田義孝" id="9"/><attendee name="大宮野乃花" id="64"/><attendee name="大城大介" id="114"/><attendee name="長井聡" id="14"/><attendee name="狩野利夫" id="113"/><attendee name="有馬昌子" id="53"/><attendee name="高谷富美子" id="17"/><attendee name="久保田豊作" id="18"/><attendee name="志賀伸也" id="118"/><attendee name="芦田正紀" id="115"/><attendee name="柏木正春" id="6"/><attendee name="松元政幸" id="13"/><attendee name="甲斐周二" id="109"/><attendee name="城戸一" id="94"/><attendee name="神崎滋" id="23"/><attendee name="村田義孝" id="70"/><attendee name="東野進" id="52"/><attendee name="長谷和正" id="31"/><attendee name="宍戸朋之" id="107"/><attendee name="下田裕平" id="34"/></event><event name="不都合8"><attendee name="浅沼瑞姫" id="93"/><attendee name="尾崎達也" id="62"/><attendee name="木村隆之" id="71"/><attendee name="西野泰男" id="74"/><attendee name="宮城秀光" id="103"/><attendee name="河村咲来" id="30"/><attendee name="池田義孝" id="9"/><attendee name="大宮野乃花" id="64"/><attendee name="大城大介" id="114"/><attendee name="長井聡" id="14"/><attendee name="狩野利夫" id="113"/><attendee name="有馬昌子" id="53"/><attendee name="高谷富美子" id="17"/><attendee name="久保田豊作" id="18"/><attendee name="志賀伸也" id="118"/><attendee name="芦田正紀" id="115"/><attendee name="柏木正春" id="6"/><attendee name="松元政幸" id="13"/><attendee name="甲斐周二" id="109"/><attendee name="城戸一" id="94"/><attendee name="神崎滋" id="23"/><attendee name="村田義孝" id="70"/><attendee name="長谷和正" id="31"/><attendee name="宍戸朋之" id="107"/><attendee name="下田裕平" id="34"/></event><event name="不都合9"><attendee name="浅沼瑞姫" id="93"/><attendee name="尾崎達也" id="62"/><attendee name="木村隆之" id="71"/><attendee name="西野泰男" id="74"/><attendee name="宮城秀光" id="103"/><attendee name="冨田凪" id="119"/><attendee name="河村咲来" id="30"/><attendee name="池田義孝" id="9"/><attendee name="大宮野乃花" id="64"/><attendee name="大城大介" id="114"/><attendee name="長井聡" id="14"/><attendee name="有馬昌子" id="53"/><attendee name="高谷富美子" id="17"/><attendee name="久保田豊作" id="18"/><attendee name="芦田正紀" id="115"/><attendee name="柏木正春" id="6"/><attendee name="甲斐周二" id="109"/><attendee name="城戸一" id="94"/><attendee name="神崎滋" id="23"/><attendee name="村田義孝" id="70"/><attendee name="長谷和正" id="31"/><attendee name="宍戸朋之" id="107"/><attendee name="下田裕平" id="34"/></event><event name="不都合10"><attendee name="浅沼瑞姫" id="93"/><attendee name="尾崎達也" id="62"/><attendee name="木村隆之" id="71"/><attendee name="西野泰男" id="74"/><attendee name="加賀日出男" id="78"/><attendee name="宮城秀光" id="103"/><attendee name="冨田凪" id="119"/><attendee name="河村咲来" id="30"/><attendee name="池田義孝" id="9"/><attendee name="大宮野乃花" id="64"/><attendee name="大城大介" id="114"/><attendee name="長井聡" id="14"/><attendee name="古賀成康" id="59"/><attendee name="有馬昌子" id="53"/><attendee name="高谷富美子" id="17"/><attendee name="久保田豊作" id="18"/><attendee name="芦田正紀" id="115"/><attendee name="柏木正春" id="6"/><attendee name="甲斐周二" id="109"/><attendee name="城戸一" id="94"/><attendee name="神崎滋" id="23"/><attendee name="村田義孝" id="70"/><attendee name="長谷和正" id="31"/><attendee name="宍戸朋之" id="107"/></event><event name="不都合11"><attendee name="浅沼瑞姫" id="93"/><attendee name="尾崎達也" id="62"/><attendee name="木村隆之" id="71"/><attendee name="西野泰男" id="74"/><attendee name="加賀日出男" id="78"/><attendee name="宮城秀光" id="103"/><attendee name="冨田凪" id="119"/><attendee name="河村咲来" id="30"/><attendee name="池田義孝" id="9"/><attendee name="大宮野乃花" id="64"/><attendee name="宮地志乃" id="75"/><attendee name="大城大介" id="114"/><attendee name="長井聡" id="14"/><attendee name="古賀成康" id="59"/><attendee name="有馬昌子" id="53"/><attendee name="高谷富美子" id="17"/><attendee name="久保田豊作" id="18"/><attendee name="芦田正紀" id="115"/><attendee name="柏木正春" id="6"/><attendee name="甲斐周二" id="109"/><attendee name="城戸一" id="94"/><attendee name="神崎滋" id="23"/><attendee name="村田義孝" id="70"/><attendee name="長谷和正" id="31"/><attendee name="岩田保" id="51"/><attendee name="宍戸朋之" id="107"/></event><event name="不都合12"><attendee name="尾崎達也" id="62"/><attendee name="木村隆之" id="71"/><attendee name="西野泰男" id="74"/><attendee name="加賀日出男" id="78"/><attendee name="宮城秀光" id="103"/><attendee name="冨田凪" id="119"/><attendee name="河村咲来" id="30"/><attendee name="池田義孝" id="9"/><attendee name="大宮野乃花" id="64"/><attendee name="宮地志乃" id="75"/><attendee name="香川晴久" id="25"/><attendee name="大城大介" id="114"/><attendee name="長井聡" id="14"/><attendee name="村松貫一" id="37"/><attendee name="古賀成康" id="59"/><attendee name="有馬昌子" id="53"/><attendee name="高谷富美子" id="17"/><attendee name="久保田豊作" id="18"/><attendee name="芦田正紀" id="115"/><attendee name="柏木正春" id="6"/><attendee name="甲斐周二" id="109"/><attendee name="城戸一" id="94"/><attendee name="神崎滋" id="23"/><attendee name="村田義孝" id="70"/><attendee name="長谷和正" id="31"/><attendee name="岩田保" id="51"/><attendee name="宍戸朋之" id="107"/></event><event name="不都合13"><attendee name="池田義孝" id="9"/><attendee name="大宮野乃花" id="64"/><attendee name="宮地志乃" id="75"/><attendee name="大城大介" id="114"/><attendee name="西沢憲司" id="89"/><attendee name="古賀成康" id="59"/><attendee name="有馬昌子" id="53"/><attendee name="相原哲雄" id="50"/><attendee name="藤田和秀" id="47"/><attendee name="久保田豊作" id="18"/><attendee name="井口照男" id="91"/><attendee name="芦田正紀" id="115"/><attendee name="柏木正春" id="6"/><attendee name="甲斐周二" id="109"/><attendee name="城戸一" id="94"/><attendee name="川辺利明" id="88"/><attendee name="村田義孝" id="70"/><attendee name="東野進" id="52"/><attendee name="長谷和正" id="31"/><attendee name="秋田亨" id="57"/><attendee name="正木優起" id="35"/><attendee name="岩田保" id="51"/><attendee name="浅田忠志" id="41"/><attendee name="戸塚英雄" id="101"/></event><event name="不都合14"><attendee name="西野明仁" id="16"/><attendee name="池田義孝" id="9"/><attendee name="大宮野乃花" id="64"/><attendee name="大倉圭一" id="69"/><attendee name="宮地志乃" id="75"/><attendee name="大城大介" id="114"/><attendee name="西沢憲司" id="89"/><attendee name="村松貫一" id="37"/><attendee name="古賀成康" id="59"/><attendee name="有馬昌子" id="53"/><attendee name="相原哲雄" id="50"/><attendee name="大津健之" id="120"/><attendee name="藤田和秀" id="47"/><attendee name="久保田豊作" id="18"/><attendee name="池田結月" id="45"/><attendee name="井口照男" id="91"/><attendee name="芦田正紀" id="115"/><attendee name="柏木正春" id="6"/><attendee name="甲斐周二" id="109"/><attendee name="城戸一" id="94"/><attendee name="赤木竹志" id="43"/><attendee name="川辺利明" id="88"/><attendee name="村田義孝" id="70"/><attendee name="東野進" id="52"/><attendee name="長谷和正" id="31"/><attendee name="秋田亨" id="57"/><attendee name="正木優起" id="35"/><attendee name="岩田保" id="51"/><attendee name="浅田忠志" id="41"/><attendee name="小坂久男" id="15"/><attendee name="戸塚英雄" id="101"/></event><event name="不都合15"><attendee name="西野明仁" id="16"/><attendee name="池田義孝" id="9"/><attendee name="大宮野乃花" id="64"/><attendee name="大倉圭一" id="69"/><attendee name="宮地志乃" id="75"/><attendee name="大城大介" id="114"/><attendee name="川西涼" id="116"/><attendee name="西沢憲司" id="89"/><attendee name="古賀成康" id="59"/><attendee name="有馬昌子" id="53"/><attendee name="相原哲雄" id="50"/><attendee name="大津健之" id="120"/><attendee name="久保田豊作" id="18"/><attendee name="池田結月" id="45"/><attendee name="芦田正紀" id="115"/><attendee name="柏木正春" id="6"/><attendee name="甲斐周二" id="109"/><attendee name="城戸一" id="94"/><attendee name="赤木竹志" id="43"/><attendee name="川辺利明" id="88"/><attendee name="村田義孝" id="70"/><attendee name="東野進" id="52"/><attendee name="長谷和正" id="31"/><attendee name="正木優起" id="35"/><attendee name="岩田保" id="51"/><attendee name="浅田忠志" id="41"/><attendee name="小坂久男" id="15"/><attendee name="戸塚英雄" id="101"/></event><event name="不都合16"><attendee name="西野明仁" id="16"/><attendee name="池田義孝" id="9"/><attendee name="大宮野乃花" id="64"/><attendee name="大倉圭一" id="69"/><attendee name="宮地志乃" id="75"/><attendee name="大城大介" id="114"/><attendee name="川西涼" id="116"/><attendee name="西沢憲司" id="89"/><attendee name="古賀成康" id="59"/><attendee name="有馬昌子" id="53"/><attendee name="大津健之" id="120"/><attendee name="久保田豊作" id="18"/><attendee name="池田結月" id="45"/><attendee name="芦田正紀" id="115"/><attendee name="柏木正春" id="6"/><attendee name="甲斐周二" id="109"/><attendee name="城戸一" id="94"/><attendee name="赤木竹志" id="43"/><attendee name="川辺利明" id="88"/><attendee name="村田義孝" id="70"/><attendee name="東野進" id="52"/><attendee name="長谷和正" id="31"/><attendee name="正木優起" id="35"/><attendee name="岩田保" id="51"/><attendee name="浅田忠志" id="41"/><attendee name="小坂久男" id="15"/><attendee name="戸塚英雄" id="101"/></event><event name="不都合17"><attendee name="矢崎柚季" id="102"/><attendee name="池田義孝" id="9"/><attendee name="大宮野乃花" id="64"/><attendee name="田村光昭" id="60"/><attendee name="日比野香" id="100"/><attendee name="宮地志乃" id="75"/><attendee name="大城大介" id="114"/><attendee name="長井聡" id="14"/><attendee name="川西涼" id="116"/><attendee name="西沢憲司" id="89"/><attendee name="古賀成康" id="59"/><attendee name="中林文雄" id="90"/><attendee name="有馬昌子" id="53"/><attendee name="久保田豊作" id="18"/><attendee name="芦田正紀" id="115"/><attendee name="柏木正春" id="6"/><attendee name="甲斐周二" id="109"/><attendee name="城戸一" id="94"/><attendee name="石村忠男" id="5"/><attendee name="川辺利明" id="88"/><attendee name="村田義孝" id="70"/><attendee name="東野進" id="52"/><attendee name="長谷和正" id="31"/><attendee name="岩田保" id="51"/><attendee name="浅田忠志" id="41"/><attendee name="戸塚英雄" id="101"/></event><event name="不都合18"><attendee name="矢崎柚季" id="102"/><attendee name="池田義孝" id="9"/><attendee name="大宮野乃花" id="64"/><attendee name="田村光昭" id="60"/><attendee name="日比野香" id="100"/><attendee name="宮地志乃" id="75"/><attendee name="大城大介" id="114"/><attendee name="長井聡" id="14"/><attendee name="古賀成康" id="59"/><attendee name="中林文雄" id="90"/><attendee name="有馬昌子" id="53"/><attendee name="住田佳祐" id="121"/><attendee name="久保田豊作" id="18"/><attendee name="芦田正紀" id="115"/><attendee name="柏木正春" id="6"/><attendee name="甲斐周二" id="109"/><attendee name="城戸一" id="94"/><attendee name="石村忠男" id="5"/><attendee name="川辺利明" id="88"/><attendee name="村田義孝" id="70"/><attendee name="長谷和正" id="31"/><attendee name="岩田保" id="51"/><attendee name="浅田忠志" id="41"/><attendee name="戸塚英雄" id="101"/></event><event name="不都合19"><attendee name="矢崎柚季" id="102"/><attendee name="池田義孝" id="9"/><attendee name="大宮野乃花" id="64"/><attendee name="田村光昭" id="60"/><attendee name="日比野香" id="100"/><attendee name="宮地志乃" id="75"/><attendee name="大城大介" id="114"/><attendee name="長井聡" id="14"/><attendee name="深井武裕" id="122"/><attendee name="三上博道" id="22"/><attendee name="古賀成康" id="59"/><attendee name="中林文雄" id="90"/><attendee name="有馬昌子" id="53"/><attendee name="住田佳祐" id="121"/><attendee name="久保田豊作" id="18"/><attendee name="芦田正紀" id="115"/><attendee name="柏木正春" id="6"/><attendee name="甲斐周二" id="109"/><attendee name="城戸一" id="94"/><attendee name="石村忠男" id="5"/><attendee name="川辺利明" id="88"/><attendee name="村田義孝" id="70"/><attendee name="長谷和正" id="31"/><attendee name="岩田保" id="51"/><attendee name="浅田忠志" id="41"/><attendee name="戸塚英雄" id="101"/></event><event name="不都合20"><attendee name="池田義孝" id="9"/><attendee name="大宮野乃花" id="64"/><attendee name="田村光昭" id="60"/><attendee name="日比野香" id="100"/><attendee name="宮地志乃" id="75"/><attendee name="大城大介" id="114"/><attendee name="深井武裕" id="122"/><attendee name="三上博道" id="22"/><attendee name="村松貫一" id="37"/><attendee name="古賀成康" id="59"/><attendee name="中林文雄" id="90"/><attendee name="有馬昌子" id="53"/><attendee name="住田佳祐" id="121"/><attendee name="久保田豊作" id="18"/><attendee name="芦田正紀" id="115"/><attendee name="甲斐周二" id="109"/><attendee name="城戸一" id="94"/><attendee name="石村忠男" id="5"/><attendee name="川辺利明" id="88"/><attendee name="村田義孝" id="70"/><attendee name="長谷和正" id="31"/><attendee name="岩田保" id="51"/><attendee name="浅田忠志" id="41"/><attendee name="戸塚英雄" id="101"/></event><event name="不都合21"><attendee name="池田義孝" id="9"/><attendee name="大宮野乃花" id="64"/><attendee name="田村光昭" id="60"/><attendee name="日比野香" id="100"/><attendee name="宮地志乃" id="75"/><attendee name="大城大介" id="114"/><attendee name="深井武裕" id="122"/><attendee name="三上博道" id="22"/><attendee name="村松貫一" id="37"/><attendee name="古賀成康" id="59"/><attendee name="有馬昌子" id="53"/><attendee name="久保田豊作" id="18"/><attendee name="芦田正紀" id="115"/><attendee name="甲斐周二" id="109"/><attendee name="井田千恵" id="48"/><attendee name="城戸一" id="94"/><attendee name="石村忠男" id="5"/><attendee name="川辺利明" id="88"/><attendee name="村田義孝" id="70"/><attendee name="関口幸真" id="63"/><attendee name="長谷和正" id="31"/><attendee name="岩田保" id="51"/><attendee name="今兼吉" id="98"/><attendee name="浅田忠志" id="41"/><attendee name="戸塚英雄" id="101"/></event><event name="不都合22"><attendee name="池田義孝" id="9"/><attendee name="大宮野乃花" id="64"/><attendee name="田村光昭" id="60"/><attendee name="宮地志乃" id="75"/><attendee name="大城大介" id="114"/><attendee name="古賀成康" id="59"/><attendee name="有馬昌子" id="53"/><attendee name="丹野美琴" id="24"/><attendee name="久保田豊作" id="18"/><attendee name="芦田正紀" id="115"/><attendee name="甲斐周二" id="109"/><attendee name="井田千恵" id="48"/><attendee name="城戸一" id="94"/><attendee name="川辺利明" id="88"/><attendee name="村田義孝" id="70"/><attendee name="関口幸真" id="63"/><attendee name="長谷和正" id="31"/><attendee name="岩田保" id="51"/><attendee name="今兼吉" id="98"/><attendee name="川野由美" id="11"/><attendee name="浅田忠志" id="41"/><attendee name="戸塚英雄" id="101"/></event><event name="不都合23"><attendee name="池田義孝" id="9"/><attendee name="大宮野乃花" id="64"/><attendee name="田村光昭" id="60"/><attendee name="宮地志乃" id="75"/><attendee name="大城大介" id="114"/><attendee name="古賀成康" id="59"/><attendee name="有馬昌子" id="53"/><attendee name="丹野美琴" id="24"/><attendee name="相原哲雄" id="50"/><attendee name="久保田豊作" id="18"/><attendee name="芦田正紀" id="115"/><attendee name="甲斐周二" id="109"/><attendee name="井田千恵" id="48"/><attendee name="城戸一" id="94"/><attendee name="川辺利明" id="88"/><attendee name="村田義孝" id="70"/><attendee name="関口幸真" id="63"/><attendee name="長谷和正" id="31"/><attendee name="岩田保" id="51"/><attendee name="今兼吉" id="98"/><attendee name="川野由美" id="11"/><attendee name="浅田忠志" id="41"/><attendee name="戸塚英雄" id="101"/></event><event name="不都合24"><attendee name="池田義孝" id="9"/><attendee name="大宮野乃花" id="64"/><attendee name="田村光昭" id="60"/><attendee name="宮地志乃" id="75"/><attendee name="大城大介" id="114"/><attendee name="西沢憲司" id="89"/><attendee name="古賀成康" id="59"/><attendee name="有馬昌子" id="53"/><attendee name="丹野美琴" id="24"/><attendee name="久保田豊作" id="18"/><attendee name="芦田正紀" id="115"/><attendee name="甲斐周二" id="109"/><attendee name="井田千恵" id="48"/><attendee name="城戸一" id="94"/><attendee name="川辺利明" id="88"/><attendee name="村田義孝" id="70"/><attendee name="関口幸真" id="63"/><attendee name="長谷和正" id="31"/><attendee name="岩田保" id="51"/><attendee name="今兼吉" id="98"/><attendee name="川野由美" id="11"/><attendee name="浅田忠志" id="41"/><attendee name="戸塚英雄" id="101"/></event><event name="不都合25"><attendee name="池田義孝" id="9"/><attendee name="大宮野乃花" id="64"/><attendee name="田村光昭" id="60"/><attendee name="宮地志乃" id="75"/><attendee name="大城大介" id="114"/><attendee name="西沢憲司" id="89"/><attendee name="村松貫一" id="37"/><attendee name="古賀成康" id="59"/><attendee name="有馬昌子" id="53"/><attendee name="丹野美琴" id="24"/><attendee name="久保田豊作" id="18"/><attendee name="芦田正紀" id="115"/><attendee name="甲斐周二" id="109"/><attendee name="井田千恵" id="48"/><attendee name="城戸一" id="94"/><attendee name="川辺利明" id="88"/><attendee name="村田義孝" id="70"/><attendee name="長谷和正" id="31"/><attendee name="岩田保" id="51"/><attendee name="川野由美" id="11"/><attendee name="浅田忠志" id="41"/><attendee name="戸塚英雄" id="101"/></event><event name="不都合26"><attendee name="浅沼瑞姫" id="93"/><attendee name="平林十三" id="39"/><attendee name="西野明仁" id="16"/><attendee name="小平晋" id="28"/><attendee name="村岡松雄" id="4"/><attendee name="大倉圭一" id="69"/><attendee name="日比野香" id="100"/><attendee name="赤松信男" id="61"/><attendee name="香川晴久" id="25"/><attendee name="中村元夫" id="65"/><attendee name="三上博道" id="22"/><attendee name="中林文雄" id="90"/><attendee name="有馬昌子" id="53"/><attendee name="相原哲雄" id="50"/><attendee name="住田佳祐" id="121"/><attendee name="高谷富美子" id="17"/><attendee name="井口照男" id="91"/><attendee name="赤木竹志" id="43"/><attendee name="石川祐二" id="81"/><attendee name="中岡小梅" id="40"/><attendee name="尾上晴子" id="49"/><attendee name="東野進" id="52"/><attendee name="新村範明" id="33"/><attendee name="岩田保" id="51"/><attendee name="川野由美" id="11"/></event><event name="不都合27"><attendee name="浅沼瑞姫" id="93"/><attendee name="平林十三" id="39"/><attendee name="西野明仁" id="16"/><attendee name="浦野博信" id="29"/><attendee name="小平晋" id="28"/><attendee name="池上御喜家" id="3"/><attendee name="村岡松雄" id="4"/><attendee name="大倉圭一" id="69"/><attendee name="日比野香" id="100"/><attendee name="赤松信男" id="61"/><attendee name="香川晴久" id="25"/><attendee name="中村元夫" id="65"/><attendee name="三上博道" id="22"/><attendee name="中林文雄" id="90"/><attendee name="有馬昌子" id="53"/><attendee name="相原哲雄" id="50"/><attendee name="住田佳祐" id="121"/><attendee name="高谷富美子" id="17"/><attendee name="井口照男" id="91"/><attendee name="山本真司" id="117"/><attendee name="甲斐周二" id="109"/><attendee name="石村忠男" id="5"/><attendee name="赤木竹志" id="43"/><attendee name="石川祐二" id="81"/><attendee name="中岡小梅" id="40"/><attendee name="関口幸真" id="63"/><attendee name="尾上晴子" id="49"/><attendee name="神野洋一" id="73"/><attendee name="東野進" id="52"/><attendee name="新村範明" id="33"/><attendee name="正木優起" id="35"/><attendee name="岩田保" id="51"/><attendee name="川野由美" id="11"/></event><event name="不都合28"><attendee name="平林十三" id="39"/><attendee name="西野明仁" id="16"/><attendee name="浦野博信" id="29"/><attendee name="尾崎達也" id="62"/><attendee name="小平晋" id="28"/><attendee name="葛西亀吉" id="110"/><attendee name="池上御喜家" id="3"/><attendee name="村岡松雄" id="4"/><attendee name="日比野香" id="100"/><attendee name="香川晴久" id="25"/><attendee name="中村元夫" id="65"/><attendee name="川西涼" id="116"/><attendee name="三上博道" id="22"/><attendee name="中林文雄" id="90"/><attendee name="有馬昌子" id="53"/><attendee name="丹野美琴" id="24"/><attendee name="相原哲雄" id="50"/><attendee name="高谷富美子" id="17"/><attendee name="井口照男" id="91"/><attendee name="山本真司" id="117"/><attendee name="甲斐周二" id="109"/><attendee name="石村忠男" id="5"/><attendee name="赤木竹志" id="43"/><attendee name="中岡小梅" id="40"/><attendee name="関口幸真" id="63"/><attendee name="尾上晴子" id="49"/><attendee name="神野洋一" id="73"/><attendee name="東野進" id="52"/><attendee name="新村範明" id="33"/><attendee name="正木優起" id="35"/><attendee name="岩田保" id="51"/><attendee name="川野由美" id="11"/></event><event name="不都合29"><attendee name="平林十三" id="39"/><attendee name="西野明仁" id="16"/><attendee name="浦野博信" id="29"/><attendee name="尾崎達也" id="62"/><attendee name="小平晋" id="28"/><attendee name="唐沢光信" id="27"/><attendee name="葛西亀吉" id="110"/><attendee name="池上御喜家" id="3"/><attendee name="村岡松雄" id="4"/><attendee name="日比野香" id="100"/><attendee name="香川晴久" id="25"/><attendee name="中村元夫" id="65"/><attendee name="川西涼" id="116"/><attendee name="三上博道" id="22"/><attendee name="中林文雄" id="90"/><attendee name="有馬昌子" id="53"/><attendee name="丹野美琴" id="24"/><attendee name="相原哲雄" id="50"/><attendee name="高谷富美子" id="17"/><attendee name="井口照男" id="91"/><attendee name="山本真司" id="117"/><attendee name="甲斐周二" id="109"/><attendee name="石村忠男" id="5"/><attendee name="中岡小梅" id="40"/><attendee name="関口幸真" id="63"/><attendee name="尾上晴子" id="49"/><attendee name="神野洋一" id="73"/><attendee name="東野進" id="52"/><attendee name="新村範明" id="33"/><attendee name="正木優起" id="35"/><attendee name="川野由美" id="11"/></event><event name="不都合30"><attendee name="平林十三" id="39"/><attendee name="西野明仁" id="16"/><attendee name="尾崎達也" id="62"/><attendee name="小平晋" id="28"/><attendee name="唐沢光信" id="27"/><attendee name="葛西亀吉" id="110"/><attendee name="難波咲良" id="42"/><attendee name="大宮野乃花" id="64"/><attendee name="田村光昭" id="60"/><attendee name="村岡松雄" id="4"/><attendee name="日比野香" id="100"/><attendee name="香川晴久" id="25"/><attendee name="中村元夫" id="65"/><attendee name="川西涼" id="116"/><attendee name="長田好夫" id="2"/><attendee name="西沢憲司" id="89"/><attendee name="中林文雄" id="90"/><attendee name="有馬昌子" id="53"/><attendee name="丹野美琴" id="24"/><attendee name="森岡彰" id="12"/><attendee name="井口照男" id="91"/><attendee name="甲斐周二" id="109"/><attendee name="中岡小梅" id="40"/><attendee name="関口幸真" id="63"/><attendee name="尾上晴子" id="49"/><attendee name="東野進" id="52"/><attendee name="新村範明" id="33"/></event><event name="不都合31"><attendee name="平林十三" id="39"/><attendee name="西野明仁" id="16"/><attendee name="尾崎達也" id="62"/><attendee name="小平晋" id="28"/><attendee name="唐沢光信" id="27"/><attendee name="葛西亀吉" id="110"/><attendee name="難波咲良" id="42"/><attendee name="大宮野乃花" id="64"/><attendee name="田村光昭" id="60"/><attendee name="村岡松雄" id="4"/><attendee name="日比野香" id="100"/><attendee name="香川晴久" id="25"/><attendee name="中村元夫" id="65"/><attendee name="長田好夫" id="2"/><attendee name="西沢憲司" id="89"/><attendee name="中林文雄" id="90"/><attendee name="有馬昌子" id="53"/><attendee name="丹野美琴" id="24"/><attendee name="市原陽香" id="21"/><attendee name="森岡彰" id="12"/><attendee name="井口照男" id="91"/><attendee name="中岡小梅" id="40"/><attendee name="関口幸真" id="63"/><attendee name="尾上晴子" id="49"/><attendee name="新村範明" id="33"/></event><event name="不都合32"><attendee name="平林十三" id="39"/><attendee name="西野明仁" id="16"/><attendee name="尾崎達也" id="62"/><attendee name="小平晋" id="28"/><attendee name="大下功" id="123"/><attendee name="加賀日出男" id="78"/><attendee name="葛西亀吉" id="110"/><attendee name="難波咲良" id="42"/><attendee name="大宮野乃花" id="64"/><attendee name="田村光昭" id="60"/><attendee name="村岡松雄" id="4"/><attendee name="日比野香" id="100"/><attendee name="香川晴久" id="25"/><attendee name="中村元夫" id="65"/><attendee name="長田好夫" id="2"/><attendee name="西沢憲司" id="89"/><attendee name="古賀成康" id="59"/><attendee name="中林文雄" id="90"/><attendee name="有馬昌子" id="53"/><attendee name="丹野美琴" id="24"/><attendee name="相原哲雄" id="50"/><attendee name="市原陽香" id="21"/><attendee name="森岡彰" id="12"/><attendee name="井口照男" id="91"/><attendee name="中岡小梅" id="40"/><attendee name="村田義孝" id="70"/><attendee name="関口幸真" id="63"/><attendee name="尾上晴子" id="49"/><attendee name="新村範明" id="33"/><attendee name="小平俊一" id="124"/></event><event name="不都合33"><attendee name="平林十三" id="39"/><attendee name="西野明仁" id="16"/><attendee name="尾崎達也" id="62"/><attendee name="小平晋" id="28"/><attendee name="大下功" id="123"/><attendee name="加賀日出男" id="78"/><attendee name="葛西亀吉" id="110"/><attendee name="大宮野乃花" id="64"/><attendee name="田村光昭" id="60"/><attendee name="村岡松雄" id="4"/><attendee name="日比野香" id="100"/><attendee name="香川晴久" id="25"/><attendee name="中村元夫" id="65"/><attendee name="長田好夫" id="2"/><attendee name="西沢憲司" id="89"/><attendee name="古賀成康" id="59"/><attendee name="中林文雄" id="90"/><attendee name="有馬昌子" id="53"/><attendee name="丹野美琴" id="24"/><attendee name="相原哲雄" id="50"/><attendee name="市原陽香" id="21"/><attendee name="森岡彰" id="12"/><attendee name="井口照男" id="91"/><attendee name="中岡小梅" id="40"/><attendee name="村田義孝" id="70"/><attendee name="関口幸真" id="63"/><attendee name="尾上晴子" id="49"/><attendee name="新村範明" id="33"/><attendee name="岩田保" id="51"/><attendee name="小平俊一" id="124"/></event><event name="不都合34"><attendee name="平林十三" id="39"/><attendee name="西野明仁" id="16"/><attendee name="尾崎達也" id="62"/><attendee name="小平晋" id="28"/><attendee name="大下功" id="123"/><attendee name="加賀日出男" id="78"/><attendee name="宮城秀光" id="103"/><attendee name="唐沢光信" id="27"/><attendee name="葛西亀吉" id="110"/><attendee name="大宮野乃花" id="64"/><attendee name="田村光昭" id="60"/><attendee name="村岡松雄" id="4"/><attendee name="日比野香" id="100"/><attendee name="香川晴久" id="25"/><attendee name="中村元夫" id="65"/><attendee name="長田好夫" id="2"/><attendee name="西沢憲司" id="89"/><attendee name="古賀成康" id="59"/><attendee name="中林文雄" id="90"/><attendee name="有馬昌子" id="53"/><attendee name="丹野美琴" id="24"/><attendee name="相原哲雄" id="50"/><attendee name="森岡彰" id="12"/><attendee name="井口照男" id="91"/><attendee name="志賀伸也" id="118"/><attendee name="中岡小梅" id="40"/><attendee name="村田義孝" id="70"/><attendee name="関口幸真" id="63"/><attendee name="尾上晴子" id="49"/><attendee name="新村範明" id="33"/><attendee name="岩田保" id="51"/></event><event name="不都合35"><attendee name="平林十三" id="39"/><attendee name="西野明仁" id="16"/><attendee name="尾崎達也" id="62"/><attendee name="小平晋" id="28"/><attendee name="大下功" id="123"/><attendee name="加賀日出男" id="78"/><attendee name="宮城秀光" id="103"/><attendee name="冨田凪" id="119"/><attendee name="唐沢光信" id="27"/><attendee name="葛西亀吉" id="110"/><attendee name="池田義孝" id="9"/><attendee name="大宮野乃花" id="64"/><attendee name="田村光昭" id="60"/><attendee name="村岡松雄" id="4"/><attendee name="日比野香" id="100"/><attendee name="香川晴久" id="25"/><attendee name="中村元夫" id="65"/><attendee name="長田好夫" id="2"/><attendee name="西沢憲司" id="89"/><attendee name="狩野利夫" id="113"/><attendee name="中林文雄" id="90"/><attendee name="有馬昌子" id="53"/><attendee name="丹野美琴" id="24"/><attendee name="相原哲雄" id="50"/><attendee name="神保明彦" id="38"/><attendee name="森岡彰" id="12"/><attendee name="井口照男" id="91"/><attendee name="志賀伸也" id="118"/><attendee name="柏木正春" id="6"/><attendee name="中岡小梅" id="40"/><attendee name="村田義孝" id="70"/><attendee name="関口幸真" id="63"/><attendee name="尾上晴子" id="49"/><attendee name="新村範明" id="33"/><attendee name="岩田保" id="51"/><attendee name="今兼吉" id="98"/></event><event name="不都合36"><attendee name="西野明仁" id="16"/><attendee name="尾崎達也" id="62"/><attendee name="小平晋" id="28"/><attendee name="大下功" id="123"/><attendee name="加賀日出男" id="78"/><attendee name="宮城秀光" id="103"/><attendee name="冨田凪" id="119"/><attendee name="唐沢光信" id="27"/><attendee name="葛西亀吉" id="110"/><attendee name="池田義孝" id="9"/><attendee name="大宮野乃花" id="64"/><attendee name="田村光昭" id="60"/><attendee name="村岡松雄" id="4"/><attendee name="日比野香" id="100"/><attendee name="香川晴久" id="25"/><attendee name="中村元夫" id="65"/><attendee name="長田好夫" id="2"/><attendee name="西沢憲司" id="89"/><attendee name="狩野利夫" id="113"/><attendee name="中林文雄" id="90"/><attendee name="有馬昌子" id="53"/><attendee name="丹野美琴" id="24"/><attendee name="相原哲雄" id="50"/><attendee name="神保明彦" id="38"/><attendee name="井口照男" id="91"/><attendee name="志賀伸也" id="118"/><attendee name="柏木正春" id="6"/><attendee name="中岡小梅" id="40"/><attendee name="村田義孝" id="70"/><attendee name="関口幸真" id="63"/><attendee name="尾上晴子" id="49"/><attendee name="新村範明" id="33"/><attendee name="岩田保" id="51"/><attendee name="今兼吉" id="98"/></event><event name="不都合37"><attendee name="西野明仁" id="16"/><attendee name="尾崎達也" id="62"/><attendee name="小平晋" id="28"/><attendee name="加賀日出男" id="78"/><attendee name="冨田凪" id="119"/><attendee name="唐沢光信" id="27"/><attendee name="葛西亀吉" id="110"/><attendee name="池田義孝" id="9"/><attendee name="大宮野乃花" id="64"/><attendee name="田村光昭" id="60"/><attendee name="村岡松雄" id="4"/><attendee name="日比野香" id="100"/><attendee name="香川晴久" id="25"/><attendee name="中村元夫" id="65"/><attendee name="長田好夫" id="2"/><attendee name="西沢憲司" id="89"/><attendee name="狩野利夫" id="113"/><attendee name="中林文雄" id="90"/><attendee name="有馬昌子" id="53"/><attendee name="丹野美琴" id="24"/><attendee name="神保明彦" id="38"/><attendee name="井口照男" id="91"/><attendee name="志賀伸也" id="118"/><attendee name="柏木正春" id="6"/><attendee name="中岡小梅" id="40"/><attendee name="関口幸真" id="63"/><attendee name="尾上晴子" id="49"/><attendee name="新村範明" id="33"/><attendee name="今兼吉" id="98"/></event><event name="不都合38"><attendee name="西野明仁" id="16"/><attendee name="尾崎達也" id="62"/><attendee name="小平晋" id="28"/><attendee name="加賀日出男" id="78"/><attendee name="冨田凪" id="119"/><attendee name="唐沢光信" id="27"/><attendee name="葛西亀吉" id="110"/><attendee name="池田義孝" id="9"/><attendee name="大宮野乃花" id="64"/><attendee name="田村光昭" id="60"/><attendee name="村岡松雄" id="4"/><attendee name="日比野香" id="100"/><attendee name="香川晴久" id="25"/><attendee name="中村元夫" id="65"/><attendee name="長田好夫" id="2"/><attendee name="西沢憲司" id="89"/><attendee name="狩野利夫" id="113"/><attendee name="村松貫一" id="37"/><attendee name="中林文雄" id="90"/><attendee name="有馬昌子" id="53"/><attendee name="丹野美琴" id="24"/><attendee name="神保明彦" id="38"/><attendee name="井口照男" id="91"/><attendee name="志賀伸也" id="118"/><attendee name="柏木正春" id="6"/><attendee name="中岡小梅" id="40"/><attendee name="関口幸真" id="63"/><attendee name="尾上晴子" id="49"/><attendee name="新村範明" id="33"/><attendee name="今兼吉" id="98"/></event><event name="不都合39"><attendee name="西野明仁" id="16"/><attendee name="浦野博信" id="29"/><attendee name="横川政利" id="19"/><attendee name="尾崎達也" id="62"/><attendee name="小平晋" id="28"/><attendee name="加賀日出男" id="78"/><attendee name="冨田凪" id="119"/><attendee name="池上御喜家" id="3"/><attendee name="大宮野乃花" id="64"/><attendee name="田村光昭" id="60"/><attendee name="日比野香" id="100"/><attendee name="赤松信男" id="61"/><attendee name="香川晴久" id="25"/><attendee name="長田好夫" id="2"/><attendee name="深井武裕" id="122"/><attendee name="狩野利夫" id="113"/><attendee name="三上博道" id="22"/><attendee name="中林文雄" id="90"/><attendee name="有馬昌子" id="53"/><attendee name="島崎蓮" id="80"/><attendee name="丹野美琴" id="24"/><attendee name="高谷富美子" id="17"/><attendee name="藤田和秀" id="47"/><attendee name="久保田豊作" id="18"/><attendee name="森岡彰" id="12"/><attendee name="井口照男" id="91"/><attendee name="芦田正紀" id="115"/><attendee name="松元政幸" id="13"/><attendee name="甲斐周二" id="109"/><attendee name="神崎滋" id="23"/><attendee name="川辺利明" id="88"/><attendee name="並木美玲" id="44"/><attendee name="村田義孝" id="70"/><attendee name="八木芳夫" id="77"/><attendee name="下田裕平" id="34"/></event><event name="不都合40"><attendee name="明石米吉" id="67"/><attendee name="西野明仁" id="16"/><attendee name="浦野博信" id="29"/><attendee name="横川政利" id="19"/><attendee name="尾崎達也" id="62"/><attendee name="小平晋" id="28"/><attendee name="西野泰男" id="74"/><attendee name="加賀日出男" id="78"/><attendee name="冨田凪" id="119"/><attendee name="池上御喜家" id="3"/><attendee name="池田義孝" id="9"/><attendee name="大宮野乃花" id="64"/><attendee name="田村光昭" id="60"/><attendee name="村岡松雄" id="4"/><attendee name="日比野香" id="100"/><attendee name="赤松信男" id="61"/><attendee name="香川晴久" id="25"/><attendee name="長田好夫" id="2"/><attendee name="深井武裕" id="122"/><attendee name="狩野利夫" id="113"/><attendee name="三上博道" id="22"/><attendee name="中林文雄" id="90"/><attendee name="有馬昌子" id="53"/><attendee name="島崎蓮" id="80"/><attendee name="丹野美琴" id="24"/><attendee name="高谷富美子" id="17"/><attendee name="藤田和秀" id="47"/><attendee name="久保田豊作" id="18"/><attendee name="森岡彰" id="12"/><attendee name="井口照男" id="91"/><attendee name="芦田正紀" id="115"/><attendee name="松元政幸" id="13"/><attendee name="甲斐周二" id="109"/><attendee name="神崎滋" id="23"/><attendee name="川辺利明" id="88"/><attendee name="並木美玲" id="44"/><attendee name="村田義孝" id="70"/><attendee name="八木芳夫" id="77"/><attendee name="小平俊一" id="124"/><attendee name="下田裕平" id="34"/></event><event name="不都合41"><attendee name="明石米吉" id="67"/><attendee name="西野明仁" id="16"/><attendee name="浦野博信" id="29"/><attendee name="横川政利" id="19"/><attendee name="尾崎達也" id="62"/><attendee name="小平晋" id="28"/><attendee name="西野泰男" id="74"/><attendee name="加賀日出男" id="78"/><attendee name="冨田凪" id="119"/><attendee name="池田義孝" id="9"/><attendee name="大宮野乃花" id="64"/><attendee name="村岡松雄" id="4"/><attendee name="日比野香" id="100"/><attendee name="香川晴久" id="25"/><attendee name="長田好夫" id="2"/><attendee name="深井武裕" id="122"/><attendee name="三上博道" id="22"/><attendee name="中林文雄" id="90"/><attendee name="有馬昌子" id="53"/><attendee name="丹野美琴" id="24"/><attendee name="高谷富美子" id="17"/><attendee name="藤田和秀" id="47"/><attendee name="久保田豊作" id="18"/><attendee name="森岡彰" id="12"/><attendee name="井口照男" id="91"/><attendee name="芦田正紀" id="115"/><attendee name="松元政幸" id="13"/><attendee name="甲斐周二" id="109"/><attendee name="川辺利明" id="88"/><attendee name="並木美玲" id="44"/><attendee name="村田義孝" id="70"/><attendee name="八木芳夫" id="77"/><attendee name="小平俊一" id="124"/><attendee name="下田裕平" id="34"/></event><event name="不都合42"><attendee name="明石米吉" id="67"/><attendee name="西野明仁" id="16"/><attendee name="浦野博信" id="29"/><attendee name="横川政利" id="19"/><attendee name="尾崎達也" id="62"/><attendee name="小平晋" id="28"/><attendee name="西野泰男" id="74"/><attendee name="加賀日出男" id="78"/><attendee name="冨田凪" id="119"/><attendee name="池田義孝" id="9"/><attendee name="大宮野乃花" id="64"/><attendee name="村岡松雄" id="4"/><attendee name="日比野香" id="100"/><attendee name="香川晴久" id="25"/><attendee name="長田好夫" id="2"/><attendee name="深井武裕" id="122"/><attendee name="村松貫一" id="37"/><attendee name="中林文雄" id="90"/><attendee name="有馬昌子" id="53"/><attendee name="丹野美琴" id="24"/><attendee name="高谷富美子" id="17"/><attendee name="藤田和秀" id="47"/><attendee name="久保田豊作" id="18"/><attendee name="森岡彰" id="12"/><attendee name="井口照男" id="91"/><attendee name="芦田正紀" id="115"/><attendee name="松元政幸" id="13"/><attendee name="甲斐周二" id="109"/><attendee name="川辺利明" id="88"/><attendee name="並木美玲" id="44"/><attendee name="村田義孝" id="70"/><attendee name="八木芳夫" id="77"/><attendee name="小平俊一" id="124"/><attendee name="下田裕平" id="34"/></event><event name="不都合43"><attendee name="西野明仁" id="16"/><attendee name="浦野博信" id="29"/><attendee name="横川政利" id="19"/><attendee name="尾崎達也" id="62"/><attendee name="小平晋" id="28"/><attendee name="大下功" id="123"/><attendee name="加賀日出男" id="78"/><attendee name="冨田凪" id="119"/><attendee name="田村光昭" id="60"/><attendee name="日比野香" id="100"/><attendee name="香川晴久" id="25"/><attendee name="深井武裕" id="122"/><attendee name="村松貫一" id="37"/><attendee name="中林文雄" id="90"/><attendee name="有馬昌子" id="53"/><attendee name="丹野美琴" id="24"/><attendee name="高谷富美子" id="17"/><attendee name="藤田和秀" id="47"/><attendee name="久保田豊作" id="18"/><attendee name="森岡彰" id="12"/><attendee name="井口照男" id="91"/><attendee name="芦田正紀" id="115"/><attendee name="松元政幸" id="13"/><attendee name="山本真司" id="117"/><attendee name="甲斐周二" id="109"/><attendee name="並木美玲" id="44"/><attendee name="村田義孝" id="70"/><attendee name="東野進" id="52"/><attendee name="八木芳夫" id="77"/></event><event name="不都合44"><attendee name="西野明仁" id="16"/><attendee name="浦野博信" id="29"/><attendee name="横川政利" id="19"/><attendee name="尾崎達也" id="62"/><attendee name="小平晋" id="28"/><attendee name="大下功" id="123"/><attendee name="加賀日出男" id="78"/><attendee name="冨田凪" id="119"/><attendee name="田村光昭" id="60"/><attendee name="日比野香" id="100"/><attendee name="香川晴久" id="25"/><attendee name="深井武裕" id="122"/><attendee name="村松貫一" id="37"/><attendee name="中林文雄" id="90"/><attendee name="有馬昌子" id="53"/><attendee name="丹野美琴" id="24"/><attendee name="高谷富美子" id="17"/><attendee name="藤田和秀" id="47"/><attendee name="久保田豊作" id="18"/><attendee name="森岡彰" id="12"/><attendee name="井口照男" id="91"/><attendee name="芦田正紀" id="115"/><attendee name="松元政幸" id="13"/><attendee name="山本真司" id="117"/><attendee name="甲斐周二" id="109"/><attendee name="並木美玲" id="44"/><attendee name="村田義孝" id="70"/><attendee name="東野進" id="52"/><attendee name="八木芳夫" id="77"/></event><event name="不都合45"><attendee name="西野明仁" id="16"/><attendee name="浦野博信" id="29"/><attendee name="横川政利" id="19"/><attendee name="尾崎達也" id="62"/><attendee name="小平晋" id="28"/><attendee name="大下功" id="123"/><attendee name="加賀日出男" id="78"/><attendee name="冨田凪" id="119"/><attendee name="池田義孝" id="9"/><attendee name="田村光昭" id="60"/><attendee name="日比野香" id="100"/><attendee name="香川晴久" id="25"/><attendee name="深井武裕" id="122"/><attendee name="狩野利夫" id="113"/><attendee name="村松貫一" id="37"/><attendee name="中林文雄" id="90"/><attendee name="有馬昌子" id="53"/><attendee name="丹野美琴" id="24"/><attendee name="高谷富美子" id="17"/><attendee name="藤田和秀" id="47"/><attendee name="久保田豊作" id="18"/><attendee name="森岡彰" id="12"/><attendee name="井口照男" id="91"/><attendee name="志賀伸也" id="118"/><attendee name="芦田正紀" id="115"/><attendee name="松元政幸" id="13"/><attendee name="山本真司" id="117"/><attendee name="甲斐周二" id="109"/><attendee name="並木美玲" id="44"/><attendee name="村田義孝" id="70"/><attendee name="東野進" id="52"/><attendee name="八木芳夫" id="77"/><attendee name="下田裕平" id="34"/></event><event name="不都合46"><attendee name="西野明仁" id="16"/><attendee name="浦野博信" id="29"/><attendee name="横川政利" id="19"/><attendee name="尾崎達也" id="62"/><attendee name="小平晋" id="28"/><attendee name="大下功" id="123"/><attendee name="加賀日出男" id="78"/><attendee name="冨田凪" id="119"/><attendee name="池田義孝" id="9"/><attendee name="田村光昭" id="60"/><attendee name="日比野香" id="100"/><attendee name="香川晴久" id="25"/><attendee name="深井武裕" id="122"/><attendee name="狩野利夫" id="113"/><attendee name="中林文雄" id="90"/><attendee name="有馬昌子" id="53"/><attendee name="丹野美琴" id="24"/><attendee name="高谷富美子" id="17"/><attendee name="久保田豊作" id="18"/><attendee name="森岡彰" id="12"/><attendee name="井口照男" id="91"/><attendee name="志賀伸也" id="118"/><attendee name="芦田正紀" id="115"/><attendee name="松元政幸" id="13"/><attendee name="甲斐周二" id="109"/><attendee name="並木美玲" id="44"/><attendee name="村田義孝" id="70"/><attendee name="八木芳夫" id="77"/><attendee name="下田裕平" id="34"/></event><event name="不都合47"><attendee name="西野明仁" id="16"/><attendee name="浦野博信" id="29"/><attendee name="横川政利" id="19"/><attendee name="尾崎達也" id="62"/><attendee name="小平晋" id="28"/><attendee name="大下功" id="123"/><attendee name="加賀日出男" id="78"/><attendee name="冨田凪" id="119"/><attendee name="唐沢光信" id="27"/><attendee name="池田義孝" id="9"/><attendee name="田村光昭" id="60"/><attendee name="日比野香" id="100"/><attendee name="香川晴久" id="25"/><attendee name="深井武裕" id="122"/><attendee name="狩野利夫" id="113"/><attendee name="中林文雄" id="90"/><attendee name="有馬昌子" id="53"/><attendee name="丹野美琴" id="24"/><attendee name="高谷富美子" id="17"/><attendee name="久保田豊作" id="18"/><attendee name="森岡彰" id="12"/><attendee name="井口照男" id="91"/><attendee name="志賀伸也" id="118"/><attendee name="芦田正紀" id="115"/><attendee name="松元政幸" id="13"/><attendee name="甲斐周二" id="109"/><attendee name="並木美玲" id="44"/><attendee name="村田義孝" id="70"/><attendee name="八木芳夫" id="77"/><attendee name="下田裕平" id="34"/></event><event name="不都合48"><attendee name="西野明仁" id="16"/><attendee name="浦野博信" id="29"/><attendee name="横川政利" id="19"/><attendee name="尾崎達也" id="62"/><attendee name="小平晋" id="28"/><attendee name="大下功" id="123"/><attendee name="加賀日出男" id="78"/><attendee name="冨田凪" id="119"/><attendee name="唐沢光信" id="27"/><attendee name="田村光昭" id="60"/><attendee name="日比野香" id="100"/><attendee name="香川晴久" id="25"/><attendee name="深井武裕" id="122"/><attendee name="中林文雄" id="90"/><attendee name="有馬昌子" id="53"/><attendee name="丹野美琴" id="24"/><attendee name="高谷富美子" id="17"/><attendee name="久保田豊作" id="18"/><attendee name="森岡彰" id="12"/><attendee name="井口照男" id="91"/><attendee name="芦田正紀" id="115"/><attendee name="松元政幸" id="13"/><attendee name="甲斐周二" id="109"/><attendee name="並木美玲" id="44"/><attendee name="村田義孝" id="70"/><attendee name="八木芳夫" id="77"/><attendee name="下田裕平" id="34"/></event><event name="不都合49"><attendee name="西野明仁" id="16"/><attendee name="浦野博信" id="29"/><attendee name="横川政利" id="19"/><attendee name="尾崎達也" id="62"/><attendee name="小平晋" id="28"/><attendee name="加賀日出男" id="78"/><attendee name="冨田凪" id="119"/><attendee name="唐沢光信" id="27"/><attendee name="田村光昭" id="60"/><attendee name="日比野香" id="100"/><attendee name="香川晴久" id="25"/><attendee name="深井武裕" id="122"/><attendee name="中林文雄" id="90"/><attendee name="有馬昌子" id="53"/><attendee name="丹野美琴" id="24"/><attendee name="高谷富美子" id="17"/><attendee name="久保田豊作" id="18"/><attendee name="森岡彰" id="12"/><attendee name="井口照男" id="91"/><attendee name="芦田正紀" id="115"/><attendee name="松元政幸" id="13"/><attendee name="甲斐周二" id="109"/><attendee name="並木美玲" id="44"/><attendee name="村田義孝" id="70"/><attendee name="八木芳夫" id="77"/></event><event name="不都合50"><attendee name="西野明仁" id="16"/><attendee name="浦野博信" id="29"/><attendee name="横川政利" id="19"/><attendee name="尾崎達也" id="62"/><attendee name="小平晋" id="28"/><attendee name="加賀日出男" id="78"/><attendee name="冨田凪" id="119"/><attendee name="唐沢光信" id="27"/><attendee name="田村光昭" id="60"/><attendee name="日比野香" id="100"/><attendee name="香川晴久" id="25"/><attendee name="深井武裕" id="122"/><attendee name="中林文雄" id="90"/><attendee name="有馬昌子" id="53"/><attendee name="丹野美琴" id="24"/><attendee name="高谷富美子" id="17"/><attendee name="久保田豊作" id="18"/><attendee name="森岡彰" id="12"/><attendee name="井口照男" id="91"/><attendee name="芦田正紀" id="115"/><attendee name="松元政幸" id="13"/><attendee name="並木美玲" id="44"/><attendee name="八木芳夫" id="77"/></event><event name="不都合51"><attendee name="西野明仁" id="16"/><attendee name="浦野博信" id="29"/><attendee name="横川政利" id="19"/><attendee name="尾崎達也" id="62"/><attendee name="小平晋" id="28"/><attendee name="加賀日出男" id="78"/><attendee name="冨田凪" id="119"/><attendee name="唐沢光信" id="27"/><attendee name="田村光昭" id="60"/><attendee name="日比野香" id="100"/><attendee name="香川晴久" id="25"/><attendee name="深井武裕" id="122"/><attendee name="村松貫一" id="37"/><attendee name="中林文雄" id="90"/><attendee name="有馬昌子" id="53"/><attendee name="丹野美琴" id="24"/><attendee name="高谷富美子" id="17"/><attendee name="久保田豊作" id="18"/><attendee name="森岡彰" id="12"/><attendee name="井口照男" id="91"/><attendee name="芦田正紀" id="115"/><attendee name="松元政幸" id="13"/><attendee name="並木美玲" id="44"/><attendee name="八木芳夫" id="77"/></event></room></rooms>
